,City,Cloudiness,Country,Humidity,Lat,Lng,Max Temp,Wind Speed
0,Kodiak,75,US,83,39.95,-94.76,81.0,6.93
1,Thinadhoo,20,MV,77,0.53,72.93,82.73,11.72
2,Limbang,75,BN,70,4.75,115.01,87.8,4.7
3,Mount Isa,4,AU,13,-20.73,139.49,84.2,11.41
4,Aden,0,YE,71,12.79,45.03,86.94,10.33
5,Qaanaaq,3,GL,58,77.48,-69.36,27.47,3.76
6,Buraydah,20,SA,22,26.33,43.97,89.6,11.41
7,Nikolskoye,40,RU,93,59.7,30.79,55.0,2.24
8,Vostok,0,RU,46,46.45,135.83,74.95,3.38
9,East London,0,ZA,85,-33.02,27.91,50.08,6.91
10,Port Alfred,98,ZA,81,-33.59,26.89,59.0,5.01
11,Norman Wells,75,CA,81,65.28,-126.83,53.6,5.82
12,Port Hedland,0,AU,61,-20.31,118.58,78.8,6.93
13,Rikitea,100,PF,86,-23.12,-134.97,72.34,12.06
14,Khatanga,58,RU,65,71.98,102.47,39.37,14.03
15,Kapaa,40,US,55,22.08,-159.32,87.8,9.17
16,Hobart,40,AU,62,-42.88,147.33,57.99,13.87
17,Mataura,100,NZ,83,-46.19,168.86,53.01,3.0
18,Idlib,0,SY,69,35.93,36.64,78.8,13.87
19,Milas,0,TR,88,37.31,27.78,68.0,3.36
20,Anadyr,75,RU,81,64.73,177.51,48.0,4.47
21,Busselton,92,AU,43,-33.64,115.35,61.0,22.01
22,George,33,MW,94,-15.35,34.83,58.52,0.18
23,Laguna,40,BZ,83,16.17,-88.94,82.4,1.99
24,Albany,75,US,73,42.65,-73.75,70.0,3.36
25,Porosozero,100,RU,97,62.72,32.71,49.38,4.12
26,Strezhevoy,90,RU,100,60.73,77.6,50.0,2.24
27,New Norfolk,40,AU,62,-42.78,147.06,57.99,13.87
28,Esperance,40,AU,58,-33.86,121.89,55.4,26.4
29,Sur,100,OM,46,22.57,59.53,85.7,6.58
30,Ahipara,100,NZ,100,-35.17,173.16,61.0,14.12
31,Porto Walter,8,BR,67,-8.27,-72.74,76.3,2.08
32,Punta Arenas,0,CL,69,-53.16,-70.91,35.01,10.29
33,Dingle,100,PH,73,11.0,122.67,85.68,10.49
34,Bambous Virieux,75,MU,94,-20.34,57.76,69.01,11.41
35,Zelenogorskiy,43,RU,100,55.03,87.0,44.6,4.47
36,Sept-Iles,40,CA,93,50.2,-66.38,41.0,3.36
37,Adrar,20,DZ,29,27.87,-0.29,91.4,16.11
38,Avarua,37,CK,64,-21.21,-159.78,73.4,14.99
39,Provideniya,75,RU,87,64.42,-173.23,55.4,11.18
40,Flagstaff,1,US,77,35.2,-111.65,90.0,6.53
41,Bushehr,0,IR,70,28.97,50.84,86.0,17.76
42,Niteroi,0,BR,87,-29.95,-51.16,53.6,3.36
43,Kununurra,100,AU,58,-15.77,128.74,82.4,8.05
44,Morant Bay,20,JM,62,17.88,-76.41,86.0,12.75
45,Ushuaia,40,AR,69,-54.81,-68.31,35.6,23.04
46,Sangar,0,RU,44,63.92,127.47,51.97,11.48
47,Bukama,0,CD,47,-9.2,25.85,68.1,2.8
48,Gediz,0,TR,88,38.99,29.39,54.0,3.0
49,Homa Bay,0,KE,93,-0.53,34.45,64.4,5.44
50,Jamestown,16,AU,45,-33.21,138.6,69.95,5.95
51,Bluff,84,AU,13,-23.58,149.07,85.66,4.25
52,Tuktoyaktuk,20,CA,62,69.44,-133.03,53.6,8.05
53,Atuona,0,PF,77,-9.8,-139.03,79.15,14.23
54,Vaini,75,IN,100,15.34,74.49,69.8,11.41
55,Airai,88,TL,44,-8.93,125.41,81.69,7.11
56,Xuddur,1,SO,80,4.12,43.89,70.78,16.64
57,Cape Town,75,ZA,87,-33.93,18.42,60.01,11.41
58,Clyde River,90,CA,100,70.47,-68.59,39.2,4.7
59,Mahebourg,75,MU,94,-20.41,57.7,69.01,11.41
60,Morondava,0,MG,63,-20.3,44.28,70.89,11.56
61,Port Elizabeth,1,US,94,39.31,-74.98,73.4,3.36
62,Kedrovyy,0,RU,76,56.17,91.82,53.6,6.71
63,Victoria,75,BN,79,5.28,115.24,87.8,2.24
64,Talnakh,75,RU,100,69.49,88.39,44.6,6.71
65,Trinidad,88,BO,40,-14.83,-64.9,75.6,4.16
66,Severo-Kurilsk,100,RU,97,50.68,156.12,50.19,11.27
67,Alofi,75,NU,74,-19.06,-169.92,78.8,17.22
68,Mahibadhoo,100,MV,72,3.78,72.97,82.82,5.39
69,Sosnovo-Ozerskoye,100,RU,80,52.53,111.54,59.92,1.83
70,Te Anau,100,NZ,78,-45.41,167.72,46.51,0.89
71,Bilma,0,NE,16,18.69,12.92,92.16,6.93
72,San Patricio,0,PY,85,-26.98,-56.83,52.99,7.87
73,Hamilton,75,CA,88,43.26,-79.87,75.0,9.17
74,Castro,0,CL,72,-42.48,-73.76,42.8,12.75
75,Mar del Plata,12,AR,68,-46.43,-67.52,31.23,5.77
76,Nemuro,20,JP,52,43.32,145.57,69.8,3.36
77,Bansi,92,IN,67,27.18,82.93,87.37,6.17
78,Waddan,0,LY,85,29.16,16.14,71.3,6.04
79,Karatau,94,KZ,84,43.18,70.46,63.0,6.46
80,Leningradskiy,98,RU,82,69.38,178.42,35.62,5.1
81,Hithadhoo,7,MV,77,-0.6,73.08,82.95,11.36
82,Dallas,1,US,58,32.78,-96.8,89.01,4.7
83,Tecoanapa,75,MX,79,16.99,-99.26,84.2,6.93
84,Saldanha,0,PT,42,41.42,-6.55,67.39,1.59
85,Porto Novo,40,BR,93,-23.68,-45.44,64.4,2.24
86,North Auburn,20,US,50,47.34,-122.23,77.0,4.7
87,Touros,20,BR,94,-5.2,-35.46,73.4,4.7
88,Yumen,28,CN,20,40.29,97.04,81.7,14.18
89,Lavrentiya,78,RU,84,65.58,-170.99,47.23,10.96
90,Ust-Kulom,26,RU,86,61.69,53.69,48.24,1.74
91,Lorengau,100,PG,85,-2.02,147.27,80.32,10.83
92,Concepcion,33,CO,86,9.56,-73.66,78.07,5.17
93,Kaitangata,100,NZ,61,-46.28,169.85,53.01,3.0
94,Maua,6,KE,86,0.23,37.94,48.08,2.82
95,Tasiilaq,100,GL,54,65.61,-37.64,39.2,3.36
96,Tallahassee,20,US,88,30.44,-84.28,82.99,3.83
97,Ancud,0,CL,72,-41.87,-73.83,42.8,12.75
98,Dikson,90,RU,85,73.51,80.55,39.26,5.77
99,Portland,75,US,93,43.66,-70.25,64.0,2.01
100,Thompson,90,CA,93,55.74,-97.86,46.4,8.05
101,Atar,14,MR,35,20.52,-13.05,91.71,13.67
102,Tiksi,89,RU,80,71.64,128.87,43.9,6.89
103,Hilo,40,US,55,19.71,-155.08,87.8,9.17
104,Flin Flon,61,CA,92,54.77,-101.88,49.48,6.69
105,Carnarvon,44,ZA,16,-30.97,22.13,47.36,1.86
106,Hasaki,75,JP,88,35.73,140.83,75.2,9.17
107,Winnemucca,1,US,14,40.97,-117.74,87.8,5.82
108,Arraial do Cabo,100,BR,93,-22.97,-42.02,70.15,5.57
109,Chokurdakh,38,RU,49,70.62,147.9,54.45,6.89
110,Birao,100,CF,95,10.3,22.78,72.06,6.15
111,Kurdzhinovo,0,RU,60,43.99,40.96,49.84,5.41
112,Yellowknife,75,CA,66,62.45,-114.38,50.0,8.05
113,Puerto Ayora,88,EC,95,-0.74,-90.35,70.0,1.01
114,Kandrian,100,PG,72,-6.21,149.55,79.33,10.74
115,Kavaratti,79,IN,78,10.57,72.64,82.44,20.07
116,Morehead,1,US,78,38.18,-83.43,77.0,8.05
117,Klaksvik,100,FO,61,62.23,-6.59,48.2,17.22
118,Neiafu,75,TO,74,-18.65,-173.98,78.8,16.11
119,Hermanus,100,ZA,96,-34.42,19.24,55.0,6.17
120,Cabo San Lucas,75,MX,54,22.89,-109.91,87.01,11.41
121,Mehamn,9,NO,71,71.03,27.85,47.86,16.24
122,Gao,69,ML,41,16.28,-0.04,90.13,4.43
123,Mezen,100,RU,92,65.85,44.24,58.56,8.39
124,Quang Ngai,92,VN,66,15.12,108.8,82.12,3.89
125,Kupang,20,ID,45,-10.16,123.6,84.2,11.41
126,Tual,98,ID,85,-5.67,132.75,75.37,15.01
127,Ambon,0,FR,93,47.55,-2.56,57.99,6.93
128,Lata,25,IN,73,30.78,78.62,49.61,4.12
129,Verdun,0,FR,76,49.16,5.39,54.0,2.33
130,Zhigansk,64,RU,48,66.77,123.37,48.64,4.56
131,Oranjestad,20,AW,79,12.52,-70.03,84.2,18.34
132,Gat,47,SN,94,14.69,-16.54,80.6,8.05
133,Kijang,90,KR,78,35.24,129.21,78.8,2.24
134,Ostrovnoy,96,RU,77,68.05,39.51,52.96,12.21
135,Coquimbo,40,CL,87,-29.95,-71.34,50.0,3.89
136,Saskylakh,100,RU,87,71.97,114.09,41.46,8.99
137,Labuhan,0,ID,33,-2.54,115.51,90.85,3.33
138,Dicabisagan,100,PH,71,17.08,122.42,84.82,1.28
139,Hambantota,40,LK,100,6.12,81.12,78.8,4.7
140,Chiredzi,0,ZW,75,-21.05,31.67,59.65,1.9
141,Khudumelapye,0,BW,54,-23.91,24.95,51.7,6.17
142,Saint-Philippe,90,CA,67,45.36,-73.48,64.4,5.82
143,Parvatsar,0,IN,74,26.88,74.77,84.94,7.85
144,Klishkivtsi,75,UA,100,48.43,26.26,57.2,6.71
145,Lasa,0,CY,78,34.92,32.53,73.4,5.82
146,Christchurch,100,NZ,93,-43.53,172.64,52.0,12.75
147,Victoria,75,BN,79,5.28,115.24,87.8,2.24
148,Vila do Maio,40,CV,88,15.13,-23.22,80.6,12.75
149,Kruisfontein,1,ZA,90,-34.0,24.73,49.88,8.99
150,Rabo de Peixe,75,PT,72,37.8,-25.58,71.01,14.99
151,Vao,26,EE,83,59.1,26.19,51.59,8.3
152,Hami,0,CN,24,42.84,93.51,82.53,4.16
153,Saint Lawrence,0,MT,88,36.06,14.2,78.01,5.82
154,Harjavalta,99,FI,93,61.31,22.13,53.6,8.05
155,San Antonio,0,CL,93,-33.58,-71.61,46.4,2.24
156,Lompoc,75,US,87,34.64,-120.46,81.0,5.82
157,Bull Savanna,42,JM,80,17.89,-77.59,82.48,7.67
158,Biguacu,75,BR,72,-27.49,-48.66,61.0,11.41
159,Roald,9,NO,66,62.58,6.12,51.8,8.05
160,Priyutovo,15,RU,95,53.89,53.93,44.88,8.14
161,Bredasdorp,99,ZA,87,-34.53,20.04,54.0,5.82
162,Le Port,0,FR,74,42.87,1.37,59.0,3.27
163,Zhezkazgan,100,KZ,75,47.8,67.71,42.8,4.47
164,Pisco,0,PE,30,-13.71,-76.2,71.6,13.87
165,Fairbanks,75,US,55,64.84,-147.72,64.4,9.17
166,Ponta do Sol,43,BR,46,-20.63,-46.0,70.92,4.47
167,Torbay,90,CA,100,47.66,-52.73,62.01,23.04
168,Canalete,40,CO,88,8.79,-76.24,80.6,11.41
169,Two Hills,51,CA,78,53.71,-111.75,58.0,0.96
170,Pevek,0,RU,81,69.7,170.27,38.95,1.72
171,Saint George,20,GR,72,39.45,22.34,68.0,1.72
172,Santa Rosa,0,AR,50,-36.62,-64.29,37.15,11.48
173,Ippy,100,CF,98,6.26,21.2,69.09,6.33
174,Palmer,0,AU,87,-34.85,139.16,57.99,10.29
175,Prince Rupert,75,CA,93,54.32,-130.32,57.2,2.24
176,Guatire,40,VE,83,10.47,-66.54,78.8,3.36
177,Innisfail,100,AU,11,-17.52,146.03,79.0,8.99
178,Port Augusta,0,AU,63,-32.49,137.76,75.99,9.17
179,Port Blair,100,IN,81,11.67,92.75,82.17,24.52
180,Oriximina,33,BR,54,-1.77,-55.87,84.96,4.41
181,Werneck,75,BR,88,-22.22,-43.32,71.6,3.36
182,Codrington,0,AU,16,-28.95,153.24,86.0,14.99
183,Georgetown,0,GY,83,6.8,-58.16,82.4,9.17
184,Cidreira,98,BR,61,-30.17,-50.22,53.1,5.1
185,Morro Bay,1,US,60,35.37,-120.85,99.0,4.7
186,Burnie,57,AU,64,-41.05,145.91,57.99,5.99
187,Kabanjahe,100,ID,43,3.1,98.49,91.99,1.68
188,Liverpool,100,GB,93,53.41,-2.98,61.0,6.93
189,Senador Guiomard,0,BR,100,-10.15,-67.74,71.6,2.24
190,Fort Nelson,75,CA,82,58.81,-122.69,66.2,2.71
191,Biak,54,ID,45,-0.91,122.88,77.51,3.53
192,Port Lincoln,79,AU,81,-34.72,135.86,57.76,11.79
193,Richmond,40,CA,69,49.16,-123.14,73.99,0.94
194,Butaritari,48,KI,67,3.07,172.79,85.02,5.01
195,Arrifes,75,PT,72,37.77,-25.7,71.01,14.99
196,Santa Cruz de Tenerife,90,ES,88,28.47,-16.25,73.4,13.87
197,Hearst,100,CA,57,49.69,-83.67,51.14,9.01
198,Katsuura,75,JP,88,33.93,134.5,90.0,4.7
199,Naryan-Mar,0,RU,87,67.67,53.09,52.83,9.42
200,Berdigestyakh,100,RU,92,62.1,126.7,47.72,2.8
201,Diamantino,21,BR,43,-14.4,-56.44,80.64,4.34
202,Half Moon Bay,90,US,87,37.46,-122.43,72.0,11.41
203,Saint-Georges,99,CA,91,46.12,-70.67,54.0,5.59
204,Cherskiy,62,RU,37,68.75,161.3,53.03,4.18
205,Upernavik,0,GL,61,72.79,-56.15,37.14,6.55
206,Bethel,90,US,93,60.79,-161.76,57.2,17.22
207,Ambam,99,CM,98,2.38,11.27,68.31,3.06
208,Antalaha,98,MG,97,-14.9,50.28,59.55,4.07
209,Campbellton,100,CA,76,48.0,-66.68,43.92,0.45
210,Sheridan,75,US,44,39.65,-105.03,77.0,6.93
211,Chapais,90,CA,71,49.78,-74.86,50.0,8.05
212,Fredericton,75,CA,82,45.97,-66.65,57.99,4.7
213,Pacific Grove,1,US,68,36.62,-121.92,80.6,11.41
214,Vila,75,IT,72,45.18,8.4,70.0,8.05
215,Ahuimanu,40,US,43,21.44,-157.84,91.4,16.11
216,Riverton,1,US,35,43.02,-108.38,72.0,8.05
217,Nan,75,TH,94,18.78,100.78,77.0,4.7
218,Heinola,0,FI,93,61.2,26.03,46.4,1.12
219,Belmonte,0,PT,84,40.36,-7.35,73.99,0.83
220,Jachymov,0,CZ,75,50.36,12.93,55.0,2.24
221,Kirakira,74,SB,85,-10.46,161.92,78.9,18.75
222,Constitucion,75,MX,49,23.99,-104.67,70.0,4.7
223,Salalah,90,OM,100,17.01,54.1,78.8,4.7
224,Ngorongoro,60,TZ,81,-3.24,35.49,60.19,17.25
225,Barrow,3,AR,76,-38.31,-60.23,36.07,11.41
226,Dossor,92,KZ,44,47.52,52.98,62.43,7.18
227,Nizhnekamsk,75,RU,93,55.64,51.82,48.2,8.95
228,Presidencia Roque Saenz Pena,15,AR,77,-26.79,-60.44,52.78,7.76
229,Lisakovsk,100,KZ,74,52.55,62.49,51.19,10.02
230,Marktheidenfeld,20,DE,62,49.85,9.61,55.0,4.7
231,Beringovskiy,100,RU,87,63.05,179.32,42.21,6.96
232,Vanavara,0,RU,50,60.35,102.28,58.95,3.31
233,Karratha,0,AU,15,-20.74,116.85,85.18,6.08
234,Aklavik,75,CA,71,68.22,-135.01,53.6,3.36
235,Nata,0,BW,60,-20.21,26.19,58.99,11.16
236,Chernyshevskiy,100,RU,85,63.01,112.47,52.65,8.03
237,Namatanai,96,PG,80,-3.66,152.44,81.15,14.74
238,Isangel,40,VU,61,-19.55,169.27,77.0,6.93
239,Pangoa,100,PE,98,-12.12,-73.0,68.4,3.18
240,Campina Verde,23,BR,55,-19.54,-49.49,75.31,6.35
241,Niquelandia,0,BR,29,-14.47,-48.46,73.8,6.35
242,Nauta,16,PE,88,-4.51,-73.58,74.52,2.3
243,Aguimes,20,ES,68,27.91,-15.45,71.6,13.87
244,Tiarei,40,PF,74,-17.53,-149.33,82.4,13.87
245,Paranaiba,8,BR,56,-19.68,-51.19,76.61,7.56
246,Lusambo,100,CD,96,-4.97,23.44,68.1,3.02
247,Bilibino,0,RU,34,68.06,166.44,46.12,3.71
248,Saint-Pierre,0,FR,87,48.95,4.24,53.6,2.24
249,Ranong,75,TH,88,9.96,98.62,82.4,5.82
250,Shingu,20,JP,74,33.72,135.99,86.0,5.82
251,Fortuna,40,US,77,40.6,-124.16,66.99,13.87
252,Alanya,75,TR,83,36.55,32.0,77.0,3.36
253,Vung Tau,88,VN,81,10.35,107.08,80.26,14.16
254,Luderitz,67,NA,87,-26.65,15.16,53.6,5.82
255,Perelyub,0,RU,89,51.87,50.37,49.11,7.63
256,Kindu,85,CD,99,-2.95,25.92,69.39,2.89
257,Sao Jose da Coroa Grande,19,BR,95,-8.9,-35.15,68.24,2.8
258,Chake Chake,50,TZ,77,-5.25,39.77,77.83,12.33
259,Saint-Joseph,0,FR,77,43.56,6.97,73.4,3.36
260,Gonaives,97,HT,70,19.45,-72.68,84.89,9.31
261,Xiamen,40,CN,66,24.46,118.07,87.8,15.66
262,Sibolga,100,ID,87,1.74,98.78,78.27,8.16
263,Sacama,6,EC,85,-3.9,-79.27,58.14,2.55
264,Narsaq,100,GL,81,60.91,-46.05,46.4,6.93
265,Sao Joao da Barra,3,BR,86,-21.64,-41.05,70.38,2.95
266,Maniitsoq,100,GL,92,65.42,-52.9,42.18,16.82
267,Melbu,100,NO,89,68.5,14.83,50.0,28.3
268,Srandakan,15,ID,81,-7.94,110.25,74.68,12.24
269,Teguldet,100,RU,97,57.31,88.17,45.54,3.2
270,Vaitape,15,PF,85,-16.52,-151.75,77.8,20.49
271,Tigzirt,0,DZ,85,36.57,4.2,63.4,1.52
272,Ribeira Grande,100,PT,72,38.52,-28.7,69.1,12.33
273,Soe,67,EE,93,57.91,26.05,51.01,1.12
274,Seymchan,77,RU,33,62.93,152.39,64.62,12.75
275,Faya,20,SA,59,18.39,42.45,66.2,2.21
276,Sioux Falls,20,US,72,43.55,-96.7,68.0,5.82
277,Kahului,40,US,52,20.89,-156.47,89.6,21.92
278,Kungurtug,24,RU,58,50.6,97.53,62.71,0.72
279,Alice Springs,0,AU,7,-23.7,133.88,86.0,18.34
280,Kuytun,33,RU,70,54.34,101.51,64.23,3.29
281,Calabozo,74,VE,89,8.92,-67.43,75.3,2.21
282,Hobyo,73,SO,77,5.35,48.53,77.04,20.92
283,Udachnyy,75,RU,81,66.42,112.4,44.6,2.24
284,Yinchuan,59,CN,53,38.48,106.21,69.66,3.74
285,Mitu,0,IR,70,36.2,46.09,53.88,2.77
286,Zhangjiakou,13,CN,34,40.77,114.88,72.65,4.79
287,Charters Towers,100,AU,11,-20.07,146.27,83.36,9.95
288,Nanortalik,100,GL,92,60.14,-45.24,47.38,9.44
289,Sandnessjoen,100,NO,81,66.02,12.63,50.0,19.46
290,Chongwe,0,ZM,72,-15.33,28.68,59.0,2.24
291,Ruteng,66,ID,48,-8.61,120.46,83.4,8.12
292,Unity,66,CA,73,52.44,-109.15,63.0,1.01
293,La Grande,1,US,32,45.32,-118.09,87.01,14.99
294,Severnyy-Kospashskiy,62,RU,100,59.09,57.8,46.0,0.43
295,Jalu,0,LY,34,29.03,21.55,77.8,5.55
296,Pombas,0,BR,49,-15.9,-54.74,77.15,2.19
297,Benghazi,20,LY,71,32.12,20.07,79.22,5.75
298,Birjand,0,IR,27,32.86,59.22,62.6,4.7
299,Vila Velha,20,BR,74,-3.71,-38.6,79.0,10.29
300,Severobaykalsk,32,RU,61,55.65,109.32,53.46,3.83
301,Poum,92,MK,70,41.28,20.71,57.03,4.88
302,Lakatoro,67,VU,66,-16.11,167.42,74.56,15.73
303,Naze,99,NG,97,5.43,7.07,73.26,2.82
304,Haines Junction,100,CA,54,60.75,-137.51,50.24,5.32
305,Antofagasta,90,CL,76,-23.65,-70.4,57.2,5.82
306,Sao Filipe,63,CV,85,14.9,-24.5,80.61,6.2
307,Deloraine,90,AU,67,-41.53,146.66,57.99,18.34
308,Souillac,0,FR,82,45.6,-0.6,57.2,3.36
309,Honiara,90,SB,100,-9.43,159.96,77.0,4.7
310,Kavieng,63,PG,77,-2.57,150.8,83.09,9.82
311,Les Cayes,4,HT,79,18.19,-73.75,83.61,13.78
312,Dogondoutchi,55,NE,62,13.64,4.03,84.13,12.15
313,Evensk,77,RU,41,61.92,159.24,55.12,7.25
314,Killybegs,20,IE,93,54.63,-8.45,50.0,5.01
315,Iracoubo,0,GF,88,5.48,-53.21,77.71,7.02
316,College,75,US,55,64.86,-147.8,64.4,9.17
317,Mount Gambier,75,AU,93,-37.83,140.78,57.2,9.17
318,Ketchikan,90,US,93,55.34,-131.65,57.2,2.24
319,Iqaluit,90,CA,87,63.75,-68.52,42.8,19.46
320,Los Llanos de Aridane,0,ES,60,28.66,-17.92,71.6,6.93
321,Kamaishi,75,JP,61,39.28,141.86,78.8,2.24
322,Chifeng,1,CN,35,42.27,118.96,78.95,5.73
323,Kayes,0,ML,65,14.44,-11.44,79.4,4.65
324,Mattru,95,SL,95,7.62,-11.83,74.7,5.82
325,Balkhash,0,KZ,40,46.84,74.98,51.8,11.18
326,Amapa,75,HN,79,15.09,-87.97,84.2,5.82
327,Shaunavon,51,CA,45,49.65,-108.41,66.96,8.03
328,Fare,27,PF,84,-16.7,-151.02,77.51,22.32
329,Cockburn Town,0,TC,78,21.46,-71.14,84.15,18.92
330,Tuatapere,100,NZ,83,-46.13,167.69,53.01,3.0
331,Nevel,100,RU,98,56.02,29.92,51.32,4.47
332,Milford,1,US,93,42.14,-71.52,66.99,5.14
333,Nome,1,US,66,30.04,-94.42,86.0,4.38
334,Dali,100,CN,55,34.79,109.94,74.68,9.69
335,Gamba,100,CN,83,28.28,88.52,41.42,6.29
336,Komsomolskiy,59,RU,72,67.55,63.78,48.66,7.23
337,Homer,1,US,71,59.64,-151.54,60.8,10.29
338,Carndonagh,11,IE,74,55.25,-7.27,55.96,33.96
339,Kardamaina,0,GR,88,36.78,27.14,73.4,5.82
340,Puerto Carreno,75,CO,88,6.19,-67.49,77.0,1.59
341,Port Hawkesbury,1,CA,100,45.62,-61.36,62.01,3.36
342,Berlevag,50,NO,74,70.86,29.09,49.68,18.97
343,Geraldton,75,CA,66,49.72,-86.95,50.0,8.05
344,Krasnogorsk,0,RU,77,55.82,37.34,63.0,4.47
345,Saint Anthony,1,US,28,43.97,-111.68,80.6,6.22
346,Trairi,10,BR,86,-3.28,-39.27,71.57,5.26
347,Bismarck,1,US,77,46.81,-100.78,60.8,4.7
348,Ulaangom,61,MN,25,49.98,92.07,68.89,4.14
349,Nouadhibou,91,MR,69,20.93,-17.03,75.2,13.87
350,Elizabeth City,1,US,88,36.3,-76.22,78.01,4.7
351,San Cristobal,100,HN,86,14.68,-86.92,67.81,4.76
352,Pizarro,48,CO,85,4.95,-77.37,79.72,8.32
353,Ambanja,96,MG,69,-13.68,48.45,77.46,3.29
354,Camargo,12,MX,42,27.69,-105.17,76.57,10.92
355,Ishigaki,75,JP,94,24.34,124.16,80.6,25.28
356,Sarkand,100,KZ,25,45.41,79.91,67.93,3.13
357,Lebanon,1,US,77,40.34,-76.42,71.6,3.69
358,Sorrento,75,AU,67,-31.82,115.75,61.0,10.29
359,Palembang,92,ID,50,-2.99,104.76,87.66,6.78
360,Ilulissat,73,GL,46,69.22,-51.1,50.0,18.34
361,Lebu,75,ET,93,8.96,38.73,55.4,4.7
362,Balabac,100,PH,70,7.99,117.06,86.47,9.42
363,Kibre Mengist,100,ET,97,5.87,38.99,54.56,1.99
364,Omsukchan,29,RU,32,62.53,155.8,55.87,7.7
365,Kodinar,86,IN,87,20.79,70.7,81.07,12.5
366,Anuradhapura,100,LK,67,8.34,80.41,83.58,13.67
367,Vila Franca do Campo,75,PT,72,37.72,-25.43,71.01,14.99
368,Hay River,40,CA,76,60.82,-115.79,57.2,11.41
369,Kudahuvadhoo,100,MV,74,2.67,72.89,83.07,8.59
370,Wajid,77,SO,75,3.81,43.25,73.12,19.1
371,Khujner,100,IN,92,23.78,76.6,78.25,7.43
372,Bronnoysund,100,NO,81,65.46,12.2,50.0,19.46
373,Mazatlan,75,MX,74,23.22,-106.42,86.0,8.05
374,Yamada,75,JP,83,36.58,137.08,82.99,4.7
375,Port Hardy,75,CA,87,50.7,-127.42,57.2,10.29
376,Charlestown,1,US,93,41.38,-71.64,69.01,3.36
377,Mareeba,71,AU,39,-16.99,145.42,87.01,6.93
378,Sorong,99,ID,73,-0.86,131.25,82.71,8.97
379,Prelouc,0,CZ,87,50.04,15.56,54.0,2.24
380,Kloulklubed,90,PW,83,7.04,134.26,78.8,16.11
381,Bagdarin,100,RU,69,54.44,113.59,62.53,1.43
382,San Luis,36,AR,21,-33.3,-66.34,44.73,15.23
383,Makakilo City,75,US,52,21.35,-158.09,91.4,9.17
384,Beloha,3,MG,94,-25.17,45.06,58.56,6.17
385,Codajas,53,BR,69,-3.84,-62.06,78.93,3.38
386,Bud,1,NO,66,62.91,6.91,51.8,8.05
387,Villa de Reyes,100,MX,71,21.8,-100.93,63.27,6.33
388,Aksu,0,KZ,93,52.04,76.93,46.4,2.24
389,Vardo,1,US,64,39.62,-77.74,73.99,4.7
390,Savannah Bight,97,HN,82,16.45,-85.85,84.17,20.09
391,Sioux Lookout,75,CA,93,50.1,-91.92,51.8,3.58
392,Manali,23,IN,64,32.25,77.19,47.05,1.63
393,Aurora,40,US,78,41.76,-88.32,80.6,17.22
394,Mkushi,0,ZM,90,-13.61,29.4,54.11,4.76
395,Sinop,0,TR,70,42.03,35.15,66.89,5.21
396,Issoudun,0,FR,71,46.95,1.99,52.0,2.24
397,Cayenne,0,GF,88,4.94,-52.33,78.8,1.12
398,Mangan,100,IN,76,27.5,88.54,66.01,0.83
399,Catalina,0,PE,30,-13.57,-76.13,71.6,13.87
400,Pitogo,29,PH,70,13.79,122.09,85.74,8.81
401,Umm Kaddadah,15,SD,46,13.6,26.69,83.92,6.13
402,Noumea,27,NC,60,-22.28,166.46,75.2,13.87
403,Xining,53,CN,49,36.62,101.77,73.0,6.85
404,Tsiroanomandidy,25,MG,78,-18.77,46.05,57.66,2.06
405,Glendive,1,US,45,47.11,-104.71,68.0,6.93
406,Grand Gaube,75,MU,94,-20.01,57.66,69.01,11.41
407,Broken Hill,0,AU,22,-31.97,141.45,75.2,13.87
408,Linxia,0,CN,51,35.6,103.21,67.95,5.01
409,Tiznit,0,MA,92,29.7,-9.73,66.4,6.55
410,Izyaslav,38,UA,97,50.12,26.82,50.26,6.31
411,Muroto,75,JP,70,33.37,134.14,84.2,4.7
412,La Ronge,75,CA,93,55.1,-105.3,55.4,2.24
413,Funtua,100,NG,92,11.52,7.31,71.23,5.95
414,Raudeberg,33,NO,71,61.99,5.14,51.8,12.75
415,Isla Vista,1,US,47,34.41,-119.86,82.0,8.05
416,Nyurba,100,RU,95,63.29,118.35,45.85,2.51
417,Riyadh,0,SA,25,24.63,46.72,86.0,2.24
418,Logan,1,US,36,41.73,-111.83,87.8,1.74
419,Severodvinsk,75,RU,100,64.56,39.82,57.2,5.75
420,Verkhoyansk,12,RU,52,67.55,133.39,48.94,7.0
421,Ukiah,1,US,34,39.15,-123.21,82.4,4.7
422,Rosarito,40,CO,83,4.91,-75.23,82.4,2.24
423,Faanui,15,PF,85,-16.48,-151.75,77.8,20.49
424,Meulaboh,100,ID,79,4.14,96.13,80.71,8.14
425,Paciran,21,ID,40,-6.9,112.33,88.56,8.59
426,Bodo,97,CI,99,5.91,-4.68,70.15,1.54
427,Ixtapa,75,MX,63,20.71,-105.21,91.4,5.82
428,Pouebo,1,NC,57,-20.4,164.57,70.45,12.8
429,Bintulu,75,MY,89,3.17,113.03,84.2,3.36
430,Bay City,75,US,73,43.59,-83.89,73.4,6.93
431,Bogorodskoye,90,RU,55,52.37,140.44,66.26,7.11
432,Sisimiut,100,GL,94,66.94,-53.67,43.31,18.61
433,Ewa Beach,75,US,52,21.32,-158.01,91.4,9.17
434,Huarmey,1,PE,92,-10.07,-78.15,60.01,9.66
435,Tripoli,0,GR,60,37.51,22.37,77.0,1.12
436,Longyearbyen,75,NO,78,78.22,15.63,32.0,14.99
437,Westport,1,US,73,41.14,-73.36,72.0,6.93
438,Guerrero Negro,37,MX,83,27.97,-114.04,71.7,13.76
439,Pitea,0,SE,87,65.32,21.48,50.0,4.7
440,San Gabriel,1,US,25,34.1,-118.11,91.4,8.05
441,Prince George,1,CA,43,53.92,-122.75,73.4,3.36
442,Yerbogachen,46,RU,56,61.28,108.01,56.52,11.27
443,Abong Mbang,77,CM,99,3.98,13.18,66.53,2.95
444,Saquena,16,PE,88,-4.67,-73.52,74.52,2.3
445,Khandbari,100,NP,92,27.38,87.21,59.78,1.3
446,Opuwo,0,NA,59,-18.06,13.84,55.21,0.78
447,Varhaug,75,NO,71,58.61,5.65,55.99,10.29
448,Linares,72,CL,81,-35.85,-71.6,42.12,4.09
449,Lucknow,40,IN,89,26.84,80.93,84.2,5.82
450,Ust-Kuyga,100,RU,50,70.0,135.55,56.56,3.11
451,Havre-Saint-Pierre,20,CA,93,50.23,-63.6,46.4,4.7
452,Pringsewu,56,ID,54,-5.36,104.98,84.33,5.08
453,Teguise,0,ES,83,29.06,-13.56,71.6,9.17
454,San Ramon,86,NI,95,12.92,-85.84,66.93,3.56
455,Mandurah,40,AU,58,-32.55,115.7,61.0,14.99
456,Bubaque,100,GW,85,11.28,-15.83,81.11,17.72
457,Chumikan,100,RU,57,54.72,135.31,65.07,6.24
458,Nizwa,100,OM,29,22.93,57.53,84.24,5.59
459,Taoudenni,35,ML,21,22.68,-3.98,96.91,18.66
460,Khani,0,GE,93,41.96,42.96,62.6,2.24
461,Alyangula,19,AU,40,-13.85,136.42,86.0,9.17
462,Sidney,1,US,72,47.72,-104.16,64.99,6.89
463,Zhangye,0,CN,29,38.94,100.46,73.84,4.09
464,Tutin,100,RS,96,42.99,20.34,51.88,2.59
465,Mons,85,BE,82,50.45,3.95,57.2,8.05
466,Dwarka,75,IN,84,28.58,77.04,87.01,4.7
467,Tchaourou,100,BJ,98,8.89,2.6,71.71,1.23
468,Otradnoye,40,RU,93,59.77,30.8,55.0,2.24
469,Sarahan,4,IN,81,31.51,77.79,65.34,1.9
470,Avera,1,US,73,33.19,-82.53,78.8,3.85
471,Lardos,0,GR,83,36.09,28.02,75.2,11.41
472,Arlit,0,NE,21,18.74,7.39,95.06,8.01
473,Porecatu,0,BR,83,-22.75,-51.38,71.6,8.05
474,Roblin,0,CA,87,51.23,-101.35,49.23,4.23
475,Turkmenabat,0,TM,45,39.09,63.58,64.4,9.17
476,Champerico,1,MX,91,16.38,-93.6,68.69,3.36
477,Guarapari,0,BR,78,-20.67,-40.5,75.2,19.46
478,Moerai,0,PF,68,-22.43,-151.33,69.19,21.79
479,Eidsvag,10,NO,76,62.78,8.07,48.2,10.29
480,Itarema,0,BR,75,-2.92,-39.92,76.65,12.19
481,Hundested,37,DK,93,55.97,11.85,57.99,4.7
482,Tshane,0,BW,27,-24.02,21.87,57.51,8.34
483,Tiruchchendur,40,IN,78,8.48,78.12,82.4,10.29
484,Ust-Nera,100,RU,67,64.57,143.24,47.61,3.15
485,Lagunas,2,PE,66,-5.23,-75.68,77.4,1.81
486,Bathsheba,40,BB,74,13.22,-59.52,82.4,19.46
487,Mashhad,0,IR,33,36.3,59.61,62.6,6.93
488,Victoria Point,0,AU,9,-27.58,153.3,93.0,14.99
489,Tautira,40,PF,74,-17.73,-149.15,82.4,13.87
490,Pozo Colorado,99,PY,49,-23.49,-58.8,61.62,7.02
491,Teningen,0,DE,76,48.13,7.81,55.99,3.36
492,Awjilah,0,LY,50,29.14,21.3,76.25,11.72
493,Iquique,0,CL,72,-20.22,-70.14,60.8,8.05
494,Wukari,100,NG,95,7.87,9.78,73.46,5.44
495,Krasnyy Chikoy,100,RU,94,50.36,108.75,56.92,5.1
496,Benton Harbor,40,US,88,42.12,-86.45,78.8,5.82
497,Ankazoabo,0,MG,86,-22.29,44.51,56.92,2.66
498,Kanniyakumari,100,IN,84,8.08,77.57,79.2,13.73
499,Mana,54,NG,70,13.03,5.27,80.39,9.64
500,Luba,100,PH,75,17.32,120.7,84.21,17.56
501,Najran,0,SA,22,17.54,44.22,84.2,1.86
502,Jiexiu,3,CN,35,37.02,111.92,72.06,8.25
503,Mayo,90,CA,54,63.59,-135.9,59.0,8.05
504,Whitehorse,75,CA,54,60.72,-135.06,59.0,3.36
505,Baracoa,0,CU,73,20.35,-74.5,82.82,5.1
506,Banda Aceh,93,ID,84,5.56,95.32,81.85,20.85
507,Granville,0,FR,93,48.84,-1.6,61.0,3.36
508,Petropavlovsk-Kamchatskiy,40,RU,77,53.05,158.65,62.6,6.71
509,Flinders,0,AU,34,-34.58,150.85,78.01,11.41
510,Kingsport,1,US,73,36.55,-82.56,72.0,3.36
511,Langham,20,CA,56,52.36,-106.96,68.0,5.82
512,Tabas,0,IR,37,33.6,56.92,71.6,4.7
513,Port Moresby,40,PG,69,-9.47,147.16,80.6,17.22
514,Ocosingo,93,MX,98,16.91,-92.09,62.77,2.33
515,Winona,90,CA,88,43.21,-79.65,75.0,17.22
516,Mogzon,100,RU,93,51.74,111.97,54.56,1.97
517,Barranca,17,PE,91,-10.75,-77.76,60.39,7.96
518,Dhidhdhoo,100,MV,79,6.88,73.1,81.79,11.23
519,Tomatlan,100,MX,83,19.93,-105.25,82.06,10.98
520,Mayumba,38,GA,84,-3.44,10.65,73.41,8.08
521,Makokou,100,GA,97,0.56,12.85,68.33,4.65
522,Cairns,62,AU,39,-16.92,145.77,87.01,6.93
523,Burgeo,0,CA,88,47.61,-57.61,61.65,9.15
524,Olinda,75,AU,41,-37.84,145.39,64.99,12.75
525,Gornyy,7,RU,89,51.76,48.54,49.57,7.78
526,Beysehir,0,TR,61,37.68,31.72,61.53,5.73
527,Halifax,90,CA,93,44.65,-63.58,64.99,6.93
528,Tucupita,70,VE,94,9.06,-62.05,75.19,4.76
529,Kawalu,26,ID,51,-7.38,108.21,81.13,5.95
530,Lazdijai,0,LT,94,54.23,23.51,54.0,6.46
531,Coari,81,BR,69,-4.09,-63.14,79.78,3.09
532,Ishinomaki,75,JP,83,38.42,141.3,73.4,1.12
533,Pasni,37,PK,68,25.26,63.48,82.35,4.85
534,Pangnirtung,100,CA,65,66.15,-65.72,36.34,6.8
535,Bradford,40,GB,93,53.79,-1.75,62.01,8.05
536,Prachuap Khiri Khan,100,TH,95,11.81,99.79,72.34,9.55
537,Dayong,40,CN,66,25.02,118.29,87.8,15.66
538,Campbell River,20,CA,60,50.02,-125.24,71.6,3.36
539,Astana,0,KZ,100,51.13,71.43,37.4,8.95
540,Sitka,0,US,57,37.17,-99.65,82.0,10.0
541,De-Kastri,95,RU,49,51.48,140.77,70.58,4.41
542,Great Malvern,90,GB,93,52.11,-2.33,61.0,8.05
543,Mehriz,0,IR,20,31.58,54.44,77.0,4.7
544,Lyubim,0,RU,91,58.36,40.69,45.69,4.81
545,Ulladulla,41,AU,25,-35.36,150.48,75.99,11.41
546,Jaru,42,BR,41,-10.43,-62.48,84.37,1.59
547,Armidale,0,AU,17,-30.51,151.67,70.0,10.0
548,Barrhead,40,CA,72,54.12,-114.4,66.2,2.24
549,Aitape,66,PG,76,-3.15,142.36,82.39,4.45
550,Sagauli,0,IN,61,26.78,84.73,89.26,5.23
551,Sola,97,TZ,56,-3.17,33.8,66.93,8.66
552,Chuy,0,UY,61,-33.69,-53.46,43.44,13.4
553,Pereslavl-Zalesskiy,31,RU,88,56.74,38.86,49.93,5.46
554,Puerto Cabezas,100,NI,89,14.04,-83.39,77.06,2.39
555,Evanton,40,GB,87,57.66,-4.34,53.6,11.41
556,Darnah,0,LY,82,32.77,22.64,78.14,11.54
557,Finschhafen,77,PG,96,-6.6,147.85,69.82,4.59
558,Khanpur,11,PK,45,28.65,70.66,96.7,8.48
559,Cascais,0,PT,44,38.7,-9.42,75.2,3.36
560,Demba,100,CD,95,-5.47,22.27,70.78,3.44
561,Elliot Lake,20,CA,88,46.37,-82.65,64.4,12.75
562,Wanaka,100,NZ,55,-44.7,169.14,55.0,1.01
563,Padang,100,ID,83,-0.92,100.36,81.47,14.63
564,Progreso,0,UY,69,-34.68,-56.22,53.01,2.24
